,매장이름,구,주소
0,역삼아레나빌딩,강남구,서울특별시 강남구 언주로 425 (역삼동)1522-3232
1,논현역사거리,강남구,서울특별시 강남구 강남대로 538 (논현동)1522-3232
2,신사역성일빌딩,강남구,서울특별시 강남구 강남대로 584 (논현동)1522-3232
3,국기원사거리,강남구,서울특별시 강남구 테헤란로 125 (역삼동)1522-3232
4,대치재경빌딩,강남구,서울특별시 강남구 남부순환로 2947 (대치동)1522-3232
5,봉은사역,강남구,서울특별시 강남구 봉은사로 619 (삼성동)1522-3232
6,압구정윤성빌딩,강남구,서울특별시 강남구 논현로 834 (신사동)1522-3232
7,코엑스별마당,강남구,서울특별시 강남구 영동대로 513 (삼성동)1522-3232
8,삼성역섬유센터R,강남구,서울특별시 강남구 테헤란로 518 (대치동)1522-3232
9,압구정R,강남구,서울특별시 강남구 언주로 861 (신사동)1522-3232
10,수서역R,강남구,서울특별시 강남구 광평로 281 (수서동)1522-3232
11,양재강남빌딩R,강남구,서울특별시 강남구 남부순환로 2621 (도곡동)1522-3232
12,선릉동신빌딩R,강남구,서울특별시 강남구 테헤란로 409 (삼성동)1522-3232
13,봉은사로선정릉,강남구,서울특별시 강남구 봉은사로 446 (삼성동)1522-3232
14,강남오거리,강남구,서울특별시 강남구 봉은사로2길 39 (역삼동)1522-3232
15,스타필드코엑스몰R,강남구,서울특별시 강남구 영동대로 513 (삼성동)
16,강남구청정문,강남구,서울특별시 강남구 학동로 419 (청담동)1522-3232
17,도곡공원,강남구,서울특별시 강남구 도곡로 205 (역삼동)1522-3232
18,강남R,강남구,서울특별시 강남구 강남대로 390 (역삼동)1522-3232
19,대치은마사거리,강남구,서울특별시 강남구 도곡로 457 (대치동)1522-3232
20,청담영동대로,강남구,서울특별시 강남구 영동대로 720 (청담동)1522-3232
21,압구정,강남구,서울특별시 강남구 압구정로30길 17 (신사동)1522-3232
22,신사가로수,강남구,서울특별시 강남구 가로수길 59 1522-3232
23,청담스타R,강남구,서울특별시 강남구 도산대로57길 24 (청담동)1522-3232
24,강남우성,강남구,서울특별시 강남구 강남대로 328 (역삼동)1522-3232
25,학동사거리,강남구,서울특별시 강남구 도산대로 328 (논현동)1522-3232
26,대치사거리,강남구,서울특별시 강남구 삼성로 402 (대치동)1522-3232
27,포스코사거리,강남구,서울특별시 강남구 테헤란로 505 (삼성동)
28,을지병원사거리,강남구,"서울특별시 강남구 논현로 752 (논현동,구산빌딩)1522-3232"
29,신사역,강남구,서울특별시 강남구 도산대로 108 (논현동)
30,도곡역,강남구,서울특별시 강남구 남부순환로 2909 (대치동)1522-3232
31,서울세관사거리,강남구,서울특별시 강남구 언주로 650 (논현동)
32,청담사거리,강남구,서울특별시 강남구 도산대로 458 (청담동)
33,한티역,강남구,"서울특별시 강남구 도곡로 408, 디마크빌딩"
34,역삼초교사거리,강남구,서울특별시 강남구 역삼로 123 (역삼동)1522-3232
35,코엑스몰,강남구,서울특별시 강남구 영동대로 513 (삼성동)
36,가로수길,강남구,"서울특별시 강남구 논현로175길 94, 1~2층"
37,역삼대로,강남구,"서울특별시 강남구 테헤란로 211, 한국고등교육재단빌딩"
38,역삼포스코,강남구,"서울특별시 강남구 테헤란로 134, P&S"
39,강남대로,강남구,"서울특별시 강남구 강남대로 456, 한석타워"
40,청담,강남구,"서울특별시 강남구 도산대로 532, 인희빌딩"
41,삼성도심공항,강남구,서울특별시 강남구 테헤란로87길 33 (삼성동)1522-3232
42,삼성교,강남구,"서울특별시 강남구 영동대로86길 12, 동남유화빌딩"
43,학동역,강남구,서울특별시 강남구 논현로 704 (논현동)1522-3232
44,대치,강남구,서울특별시 강남구 도곡로 511 (대치동)1522-3232
45,신세계푸드마켓도곡,강남구,"서울특별시 강남구 언주로30길 57, 타워팰리스Ⅱ"
46,삼성,강남구,"서울특별시 강남구 테헤란로 443, 애플트리타워"
47,선릉세화빌딩,강남구,서울특별시 강남구 테헤란로64길 18 (대치동)
48,압구정역,강남구,"서울특별시 강남구 압구정로 170, 관영빌딩"
49,압구정로,강남구,서울특별시 강남구 압구정로42길 32 (신사동)1522-3232
50,구역삼사거리,강남구,서울특별시 강남구 논현로 401 (역삼동)1522-3232
51,큰길타워,강남구,"서울특별시 강남구 테헤란로 223, 큰길타워빌딩"
52,강남구청역,강남구,"서울특별시 강남구 선릉로 669, 웰빙센터"
53,대치역,강남구,서울특별시 강남구 남부순환로 2936 (대치동)
54,포이,강남구,서울특별시 강남구 논현로 88 (개포동)1522-3232
55,아크플레이스,강남구,서울특별시 강남구 테헤란로 142 (역삼동)1522-3232
56,학여울역,강남구,서울특별시 강남구 영동대로 215 (대치동)1522-3232
57,선정릉역,강남구,서울특별시 강남구 봉은사로 407 (삼성동)
58,삼성현대힐,강남구,서울특별시 강남구 삼성로 605 (삼성동)1522-3232
59,GS타워,강남구,서울특별시 강남구 논현로 508 (역삼동)1522-3232
60,압구정미소,강남구,서울특별시 강남구 논현로 841 (신사동)1522-3232
61,선릉역,강남구,"서울특별시 강남구 테헤란로 334, LG화재"
62,코엑스사거리,강남구,서울특별시 강남구 영동대로 616 (삼성동)1522-3232
63,역삼럭키,강남구,서울특별시 강남구 도곡로 183 (역삼동)1522-3232
64,신압구정,강남구,서울특별시 강남구 언주로174길 29 (신사동)1522-3232
65,아크로힐스논현,강남구,"서울특별시 강남구 봉은사로 304, 금강빌딩"
66,강남비젼타워,강남구,"서울특별시 강남구 테헤란로2길 27, 1층"
67,압구정로데오역,강남구,"서울특별시 강남구 선릉로 836, 삼원빌딩"
68,르네상스사거리,강남구,서울특별시 강남구 테헤란로 306 (역삼동)1522-3232
69,포스코,강남구,"서울특별시 강남구 삼성로86길 7, 1층"
70,선릉로,강남구,"서울특별시 강남구 선릉로93길 22, 대흥빌딩"
71,논현힐탑,강남구,서울특별시 강남구 논현로 648 (논현동)1522-3232
72,도산가로수길,강남구,"서울특별시 강남구 도산대로 134, 2층"
73,대치한티,강남구,서울특별시 강남구 선릉로 324 (대치동)1522-3232
74,개포동,강남구,서울특별시 강남구 선릉로 34 (개포동)1522-3232
75,수서역사거리,강남구,서울특별시 강남구 광평로 280 (수서동)1522-3232
76,코엑스아셈타워,강남구,서울특별시 강남구 영동대로 517 (삼성동)1522-3232
77,센터필드R,강남구,서울특별시 강남구 테헤란로 231 (역삼동)1522-3232
78,도산사거리,강남구,서울특별시 강남구 언주로 727 (논현동)1522-3232
79,강남세곡,강남구,서울특별시 강남구 헌릉로569길 18 (세곡동)1522-3232
80,대치삼성,강남구,서울특별시 강남구 영동대로 237 (대치동)1522-3232
81,언주역,강남구,서울특별시 강남구 봉은사로 222 (역삼동)1522-3232
82,강남역신분당역사,강남구,서울특별시 강남구 강남대로 396 (역삼동)1522-3232
83,삼성역,강남구,서울특별시 강남구 테헤란로 620 (대치동)1522-3232
84,테헤란로아남타워,강남구,서울특별시 강남구 테헤란로 311 (역삼동)1522-3232
85,강남논현,강남구,서울특별시 강남구 강남대로 512 (논현동)1522-3232
86,삼성동,강남구,서울특별시 강남구 영동대로96길 12 (삼성동)1522-3232
87,청담역,강남구,서울특별시 강남구 삼성로 709 (청담동)1522-3232
88,압구정현대아파트,강남구,서울특별시 강남구 논현로175길 38 (신사동)1522-3232
89,역삼이마트,강남구,서울특별시 강남구 역삼로 310 (역삼동)1522-3232
90,강남세곡DT,강남구,서울특별시 강남구 헌릉로 727 (세곡동)1522-3232
91,미아뉴타운,강북구,서울특별시 강북구 삼양로 161 (미아동)1522-3232
92,강북구청사거리,강북구,서울특별시 강북구 도봉로 365 (수유동)1522-3232
93,미아사거리역,강북구,서울특별시 강북구 도봉로 32 (미아동)1522-3232
94,수유역,강북구,서울특별시 강북구 도봉로 342 (번동)1522-3232
95,미아역,강북구,서울특별시 강북구 도봉로 196 (미아동)1522-3232
96,파라스파라서울,강북구,서울특별시 강북구 삼양로 689 (우이동)
97,발산역사거리,강서구,서울특별시 강서구 공항대로 248 (마곡동)1522-3232
98,마곡역,강서구,서울특별시 강서구 공항대로 168 (마곡동)1522-3232
99,우장산역,강서구,서울특별시 강서구 강서로 267 (내발산동)1522-3232
100,마곡사이언스타워R,강서구,서울특별시 강서구 마곡동로 62 (마곡동)1522-3232
101,방화DT,강서구,서울특별시 강서구 방화대로 375 (방화동)1522-3232
102,마곡나루역,강서구,서울특별시 강서구 마곡중앙로 161-17 (마곡동)1522-3232
103,마곡GMG,강서구,서울특별시 강서구 마곡중앙6로 16 (마곡동)
104,가양역,강서구,서울특별시 강서구 양천로 476 (등촌동)1522-3232
105,화곡DT,강서구,서울특별시 강서구 등촌로 57 (화곡동)1522-3232
106,양천향교역,강서구,서울특별시 강서구 강서로 463 (마곡동)1522-3232
107,화곡동,강서구,서울특별시 강서구 화곡로 142(화곡동)1522-3232 리저브
108,등촌,강서구,서울특별시 강서구 공항대로 329 (등촌동)1522-3232
109,염창역,강서구,서울특별시 강서구 공항대로 627 (염창동)1522-3232
110,발산역,강서구,서울특별시 강서구 강서로 388 (등촌동)
111,까치산역,강서구,서울특별시 강서구 강서로13길 3 (화곡동)1522-3232
112,발산역5번출구,강서구,"서울특별시 강서구 강서로52길 43 (내발산동,"
113,화곡역8번출구,강서구,"서울특별시 강서구 강서로 179 (화곡동),"
114,강서우장산,강서구,"서울특별시 강서구 강서로 231 (화곡동,"
115,등촌대로,강서구,"서울특별시 강서구 공항대로 543 (염창동,"
116,가양역사거리,강서구,서울특별시 강서구 화곡로 416 (등촌동)
117,내발산,강서구,"서울특별시 강서구 강서로 323 (내발산동),"
118,마곡웰튼,강서구,"서울특별시 강서구 마곡중앙5로 22 (마곡동),"
119,김포공항DT,강서구,서울특별시 강서구 개화동로 517 (방화동)1522-3232
120,강서NC,강서구,서울특별시 강서구 강서로56길 17 (등촌동)1522-3232
121,마곡나루공원,강서구,서울특별시 강서구 마곡중앙5로 47 (마곡동)1522-3232
122,송정역,강서구,"서울특별시 강서구 공항대로 38 (공항동),"
123,강서구청사거리,강서구,서울특별시 강서구 화곡로 350 (화곡동)1522-3232
124,낙성대역,관악구,서울특별시 관악구 남부순환로 1908 (봉천동)1522-3232
125,관악서울대입구R,관악구,서울특별시 관악구 관악로 158 (봉천동)1522-3232
126,신림DT,관악구,서울특별시 관악구 남부순환로 1419 (신림동)1522-3232
127,서울대역,관악구,서울특별시 관악구 남부순환로 1817 (봉천동)1522-3232
128,낙성대DT,관악구,서울특별시 관악구 남부순환로 1948 (봉천동)1522-3232
129,사당,관악구,서울특별시 관악구 남부순환로 2082-251522-3232 리저브
130,보라매대교,관악구,서울특별시 관악구 보라매로3길 23 (봉천동)
131,신림,관악구,서울특별시 관악구 신림로 355-1 (신림동)1522-3232
132,신림타임스트림,관악구,서울특별시 관악구 신림로 330 타임스트림
133,서울대입구역,관악구,서울특별시 관악구 남부순환로 1812 (봉천동)1522-3232
134,서울대입구역8번출구,관악구,서울특별시 관악구 남부순환로 1831 (봉천동)1522-3232
135,봉천역,관악구,서울특별시 관악구 남부순환로 1730 (봉천동)1522-3232
136,건국대,광진구,서울특별시 광진구 능동로 117 (화양동)1522-3232
137,어린이대공원역,광진구,서울특별시 광진구 능동로 243 (군자동)1522-3232
138,아차산역,광진구,서울특별시 광진구 천호대로 676 (구의동)1522-3232
139,올림픽대교북단,광진구,서울특별시 광진구 광나루로 608 (구의동)1522-3232
140,구의DT,광진구,서울특별시 광진구 광나루로 519 (구의동)1522-3232
141,자양사거리,광진구,서울특별시 광진구 아차산로 3551522-3232 리저브
142,군자역,광진구,서울특별시 광진구 천호대로 548 (군자동)
143,광나루,광진구,"서울특별시 광진구 아차산로 607, 1,2층"
144,건대스타시티,광진구,서울특별시 광진구 아차산로 262 (자양동)1522-3232
145,건대입구,광진구,서울특별시 광진구 능동로 107 (화양동)1522-3232
146,구의역,광진구,서울특별시 광진구 아차산로 373 (구의동)1522-3232
147,광장,광진구,서울특별시 광진구 아차산로 537-17 (광장동)1522-3232
148,건국클래식,광진구,서울특별시 광진구 능동로 90 (자양동)
149,건대후문,광진구,서울특별시 광진구 능동로 172 (화양동)1522-3232
150,중곡역,광진구,서울특별시 광진구 능동로 400 (중곡동)
151,자양이마트,광진구,서울특별시 광진구 아차산로 272 (자양동)
152,자양역,광진구,"서울특별시 광진구 능동로 18 (자양동,"
153,화양삼거리,광진구,서울특별시 광진구 광나루로 374 (화양동)1522-3232
154,군자사거리,광진구,서울특별시 광진구 천호대로 549 (중곡동)
155,금천구청역,금천구,"서울특별시 금천구 시흥대로73길 67 (시흥동),"
156,가산에스케이,금천구,"서울특별시 금천구 가산디지털1로 171 (가산동),"
157,독산사거리,금천구,서울특별시 금천구 시흥대로 426 (독산동)1522-3232
158,금천시흥,금천구,서울특별시 금천구 시흥대로 164 (시흥동)1522-3232
159,가산디지털단지역,금천구,"서울특별시 금천구 벚꽃로 298 (가산동),"
160,금천독산,금천구,서울특별시 금천구 두산로 70 (독산동)1522-3232
161,가산디지털,금천구,"서울특별시 금천구 가산디지털1로 168 (가산동),"
162,마리오아울렛,금천구,서울특별시 금천구 벚꽃로 266 마리오아울렛3관1522-3232
163,가산브이타워,금천구,"서울특별시 금천구 가산디지털1로 128 (가산동),"
164,가산그레이트,금천구,"서울특별시 금천구 디지털로9길 32, 갑을그레이트밸리"
165,독산역,금천구,"서울특별시 금천구 가산디지털1로 16 (가산동),"
166,가산현대아울렛,금천구,"서울특별시 금천구 디지털로10길 9 (가산동),"
167,가산케이에스,금천구,"서울특별시 금천구 벚꽃로36길 30 (가산동),"
168,월계역,노원구,"서울특별시 노원구 초안산로2라길26 월계동(104,105,106호)1522-3232 리저브"
169,월계트레이더스,노원구,서울특별시 노원구 마들로3길 15 (월계동)1522-3232
170,상계초교사거리,노원구,서울특별시 노원구 노원로 449 (상계동)1522-3232
171,공릉DT,노원구,서울특별시 노원구 동일로 1015 (공릉동)1522-3232
172,노원마들역,노원구,"서울특별시 노원구 노원로 569 (상계동,"
173,공릉역,노원구,서울특별시 노원구 동일로 1081 (공릉동)1522-3232
174,은행사거리,노원구,"서울특별시 노원구 중계로 217, 중흥빌딩"
175,노원KT,노원구,"서울특별시 노원구 노해로 502, (주)KT"
176,광운대,노원구,서울특별시 노원구 석계로 104 (월계동)1522-3232
177,중계역,노원구,"서울특별시 노원구 동일로 1339, 대한빌딩"
178,노원역,노원구,서울특별시 노원구 동일로 1413 (상계동)
179,월계이마트,노원구,서울특별시 노원구 마들로3길 15 (월계동)1522-3232
180,태릉입구역DT,노원구,서울특별시 노원구 화랑로 469 (공릉동)1522-3232
181,노원상계,노원구,서울특별시 노원구 동일로215길 2 (상계동)1522-3232
182,창동이마트,도봉구,서울특별시 도봉구 노해로65길 4 (창동)1522-3232
183,쌍문역,도봉구,서울특별시 도봉구 도봉로 480 (창동)1522-3232
184,도봉구청,도봉구,서울특별시 도봉구 마들로 665 (도봉동)1522-3232
185,쌍문도봉로,도봉구,서울특별시 도봉구 도봉로 444 (창동)1522-3232
186,도봉로DT,도봉구,서울특별시 도봉구 도봉로 635 (쌍문동)1522-3232
187,방학역,도봉구,"서울특별시 도봉구 도봉로 684 (방학동)101,102,113,114,115호1522-3232"
188,창동역,도봉구,서울특별시 도봉구 마들로13길 61 (창동)1522-3232
189,노량진동,동작구,"서울특별시 동작구 노량진로 190 (노량진동,"
190,남성역,동작구,서울특별시 동작구 사당로 219 (사당동)1522-3232
191,상도역,동작구,서울특별시 동작구 상도로37길 1 (상도1동)1522-3232
192,보라매공원R,동작구,"서울특별시 동작구 보라매로5길 35 (신대방동,"
193,이수자이,동작구,서울특별시 동작구 사당로 300 (사당동
194,노량진역,동작구,서울특별시 동작구 노량진로 134 (노량진동)1522-3232
195,신대방삼거리역,동작구,서울특별시 동작구 상도로 102 (상도동)1522-3232
196,중앙대,동작구,서울특별시 동작구 흑석로 75-1 (흑석동)1522-3232
197,숭실대입구역,동작구,서울특별시 동작구 상도로 354 (상도동)1522-3232
198,숭실대,동작구,서울특별시 동작구 사당로 4 (상도동)1522-3232
199,사당역,동작구,"서울특별시 동작구 동작대로 21, 양지빌딩"
200,서강대프라자,마포구,서울특별시 마포구 백범로 35 (신수동)1522-3232
201,상암YTN,마포구,서울특별시 마포구 상암산로 76 (상암동)1522-3232
202,마포용강동,마포구,서울특별시 마포구 토정로 295 (용강동)1522-3232
203,홍대입구역사거리R,마포구,서울특별시 마포구 양화로 125 (서교동)1522-3232
204,마포경찰서후문,마포구,서울특별시 마포구 마포대로 173-14 (아현동)1522-3232
205,공덕,마포구,서울특별시 마포구 마포대로 130 (공덕동)1522-3232
206,합정폴리스R,마포구,"서울특별시 마포구 양화로 45 (서교동,"
207,홍대공항철도역,마포구,서울특별시 마포구 양화로 178 (동교동)1522-3232
208,마포염리,마포구,서울특별시 마포구 독막로 311 (염리동)1522-3232
209,서강광흥창역,마포구,서울특별시 마포구 서강로 69 (창전동)1522-3232
210,합정,마포구,서울특별시 마포구 월드컵로1길 14 (합정동)
211,서강대흥역,마포구,서울특별시 마포구 백범로 89-5 (대흥동)1522-3232
212,서교동사거리,마포구,서울특별시 마포구 양화로 105 (서교동)1522-3232
213,상암사보이시티,마포구,서울특별시 마포구 월드컵북로54길 17 (상암동)1522-3232
214,신촌오거리,마포구,서울특별시 마포구 신촌로16길 10 (노고산동)1522-3232
215,상암디지털큐브,마포구,서울특별시 마포구 상암산로 341522-3232 리저브
216,상수역,마포구,서울특별시 마포구 독막로 88 (상수동)1522-3232
217,공덕오거리,마포구,서울특별시 마포구 마포대로 86 (도화동)
218,서강대,마포구,서울특별시 마포구 백범로 23 (신수동)1522-3232
219,상암MBC,마포구,서울특별시 마포구 성암로 267 (상암동)1522-3232
220,홍대역,마포구,"서울특별시 마포구 양화로 165, 상진빌딩"
221,동교,마포구,"서울특별시 마포구 월드컵북로 22, 영준빌딩"
222,애오개역,마포구,"서울특별시 마포구 마포대로 201, 마포트라팰리스II"
223,상암DMC,마포구,"서울특별시 마포구 월드컵북로 375, DMC이안오피스텔1단지"
224,마포일진빌딩,마포구,"서울특별시 마포구 마포대로 45, 일진빌딩"
225,마포아크로,마포구,서울특별시 마포구 마포대로 68 (도화동)
226,홍대삼거리,마포구,서울특별시 마포구 와우산로 64 (상수동)1522-3232
227,망원역,마포구,서울특별시 마포구 월드컵로 74 (서교동)1522-3232
228,마포이마트,마포구,서울특별시 마포구 백범로 212 (신공덕동)
229,합정메세나몰,마포구,"서울특별시 마포구 양화로 45 (서교동,"
230,아현역대로,마포구,서울특별시 마포구 신촌로 262 (아현동)1522-3232
231,디지털미디어시티역,마포구,서울특별시 마포구 성암로 179 (상암동)1522-3232
232,홍대역8번출구,마포구,서울특별시 마포구 양화로 166 (동교동)1522-3232
233,합정푸르지오,마포구,"서울특별시 마포구 월드컵로3길 14 (합정동,"
234,홍대동교,마포구,서울특별시 마포구 양화로 192 (동교동)1522-3232
235,망원한강공원,마포구,서울특별시 마포구 마포나루길 435 (망원동)1522-3232
236,가재울뉴타운,서대문구,"서울특별시 서대문구 가재울미래로 2 (남가좌동,"
237,남가좌사거리,서대문구,"서울특별시 서대문구 거북골로 84 (남가좌동,"
238,신촌역,서대문구,서울특별시 서대문구 신촌로 73 (창천동)1522-3232
239,연희동,서대문구,서울특별시 서대문구 연희로 97 (연희동)1522-3232
240,아현역,서대문구,"서울특별시 서대문구 신촌로35길 10 (북아현동,"
241,홍제역,서대문구,서울특별시 서대문구 통일로 451 (홍제동)1522-3232
242,연세백양로,서대문구,서울특별시 서대문구 연세로 50 (신촌동)
243,연희DT,서대문구,서울특별시 서대문구 연희로 144 (연희동)1522-3232
244,경기대,서대문구,서울특별시 서대문구 충정로 53 (충정로2가)1522-3232
245,신촌,서대문구,서울특별시 서대문구 연세로 10-1 (창천동)1522-3232
246,이대R,서대문구,서울특별시 서대문구 이화여대길 34 (대현동)1522-3232
247,연세종합관,서대문구,"서울특별시 서대문구 연세로 50, 연세세브란스"
248,이대ECC,서대문구,서울특별시 서대문구 이화여대길 52 (대현동)
249,연대,서대문구,서울특별시 서대문구 연세로 35 (창천동)1522-3232
250,신촌아트레온,서대문구,서울특별시 서대문구 신촌로 129 (창천동)1522-3232
251,충정로역,서대문구,서울특별시 서대문구 충정로 231522-3232 리저브
252,연대동문,서대문구,서울특별시 서대문구 성산로 565 (대신동)1522-3232
253,신촌명물거리,서대문구,"서울특별시 서대문구 명물길 24, 1-5층"
254,충정타워,서대문구,"서울특별시 서대문구 서소문로 21, 충정타워빌딩"
255,이대역,서대문구,서울특별시 서대문구 신촌로 183 (대현동)1522-3232
256,북가좌DT,서대문구,서울특별시 서대문구 응암로 85 (북가좌동)1522-3232
257,현대신촌,서대문구,서울특별시 서대문구 신촌로 83 (창천동)1522-3232
258,방배로,서초구,서울특별시 서초구 방배로 52 (방배동)1522-3232
259,강남교보타워R,서초구,서울특별시 서초구 강남대로 465 (서초동)1522-3232
260,방배다이치빌딩,서초구,서울특별시 서초구 방배로 114 (방배동)1522-3232
261,센트럴F1,서초구,서울특별시 서초구 신반포로 176 (반포동)1522-3232
262,서초역이화빌딩,서초구,서울특별시 서초구 반포대로21길 3 (서초동)1522-3232
263,서초구청,서초구,서울특별시 서초구 남부순환로 2557 (서초동)1522-3232
264,서초우성사거리,서초구,서울특별시 서초구 강남대로 343 (서초동)1522-3232
265,이수역사거리,서초구,"서울특별시 서초구 서초대로 3-4 (방배동,"
266,강남대로신사,서초구,서울특별시 서초구 강남대로 595 (잠원동)1522-3232
267,서울고속터미널,서초구,서울특별시 서초구 신반포로 194 (반포동)1522-3232
268,방배,서초구,서울특별시 서초구 방배로 2111522-3232 리저브
269,방배카페거리,서초구,서울특별시 서초구 방배중앙로 162 (방배동)1522-3232
270,서초법원,서초구,서울특별시 서초구 서초대로 274 (서초동)1522-3232
271,청계산입구역,서초구,서울특별시 서초구 청계산로 203 (신원동)1522-3232
272,사당로데오,서초구,서울특별시 서초구 방배천로 5-4(방배동)1522-3232 리저브
273,파미에파크R,서초구,서울특별시 서초구 사평대로 205 (반포동)
274,양재역,서초구,서울특별시 서초구 강남대로 202 (양재동)
275,논현역,서초구,서울특별시 서초구 강남대로 557 (잠원동)
276,이수역,서초구,서울특별시 서초구 동작대로 112 (방배동)1522-3232
277,내방역,서초구,서울특별시 서초구 방배로 184 (방배동)
278,서초파라곤,서초구,서울특별시 서초구 서초대로74길 29 (서초동)
279,서울아트센터,서초구,서울특별시 서초구 남부순환로 2395 (서초동)
280,서초중앙로,서초구,서울특별시 서초구 서초중앙로 2251522-3232 리저브
281,센트럴시티,서초구,서울특별시 서초구 신반포로 176 (반포동)1522-3232
282,강남삼성타운,서초구,서울특별시 서초구 서초대로78길 24 (서초동)1522-3232
283,방배역,서초구,서울특별시 서초구 방배로 84 (방배동)1522-3232
284,반포역,서초구,서울특별시 서초구 신반포로 257 (잠원동)
285,남부터미널,서초구,"서울특별시 서초구 서초중앙로 26, 래미안서초유니빌"
286,뉴코아강남,서초구,서울특별시 서초구 잠원로 69 (잠원동)
287,강남서초초교,서초구,"서울특별시 서초구 서초대로77길 27, 유빌딩"
288,교대,서초구,서울특별시 서초구 서초중앙로 118 (서초동)1522-3232
289,하이브랜드,서초구,"서울특별시 서초구 매헌로 16, 리빙관"
290,신논현역,서초구,서울특별시 서초구 강남대로 483 (반포동)
291,영동2교,서초구,"서울특별시 서초구 논현로 139, 대흥빌딩"
292,남부터미널역5번출구,서초구,서울특별시 서초구 효령로 274 (서초동)1522-3232
293,서래마을입구,서초구,서울특별시 서초구 서래로 48 (반포동)1522-3232
294,몬테소리,서초구,서울특별시 서초구 강남대로 399 (서초동)1522-3232
295,서초역,서초구,서울특별시 서초구 반포대로 118 (서초동)1522-3232
296,교대법원,서초구,서울특별시 서초구 서초중앙로 164 (서초동)1522-3232
297,강남GT타워,서초구,"서울특별시 서초구 서초대로 411, GT타워"
298,서초동,서초구,"서울특별시 서초구 남부순환로339길 64, 현우빌딩"
299,서울교대,서초구,"서울특별시 서초구 서초중앙로 64, 1층"
300,강남에비뉴,서초구,"서울특별시 서초구 서초대로77길 62, 강남역아이파크"
301,반포자이,서초구,서울특별시 서초구 잠원로 24 (반포동)1522-3232
302,반포원베일리,서초구,서울특별시 서초구 반포대로 291 (반포동)1522-3232
303,강남역우송빌딩,서초구,서울특별시 서초구 서초대로73길 7 (서초동)1522-3232
304,서이초교사거리,서초구,서울특별시 서초구 사임당로 143 (서초동)1522-3232
305,서울웨이브아트센터,서초구,서울특별시 서초구 잠원로 145-35 (잠원동)1522-3232
306,길음역,성북구,서울특별시 성북구 정릉로 376 (돈암동)1522-3232
307,미아이마트,성북구,서울특별시 성북구 도봉로 17 (길음동)1522-3232
308,종암DT,성북구,서울특별시 성북구 종암로 17 (종암동)1522-3232
309,미아,성북구,서울특별시 성북구 동소문로 314 (하월곡동)1522-3232
310,성신여대정문,성북구,서울특별시 성북구 보문로34길 62 (동선동2가)1522-3232
311,종암,성북구,서울특별시 성북구 종암로 122 (종암동)1522-3232
312,삼선교,성북구,서울특별시 성북구 동소문로 10 (동소문동2가)1522-3232
313,월곡역,성북구,"서울특별시 성북구 화랑로 76, 101-1호"
314,고대,성북구,서울특별시 성북구 고려대로24길 51 (안암동5가)1522-3232
315,현대미아,성북구,서울특별시 성북구 동소문로 315 (길음동)
316,성신여대,성북구,서울특별시 성북구 동소문로24길 12 (동선동1가)1522-3232
317,안암역,성북구,서울특별시 성북구 고려대로 102-2 (안암동5가)1522-3232
318,한성대입구역,성북구,서울특별시 성북구 성북로 11 (성북동1가)1522-3232
319,고대안암병원,성북구,서울특별시 성북구 고려대로 73 (안암동5가)1522-3232
320,장위뉴타운,성북구,서울특별시 성북구 장월로38길 4 (장위동)1522-3232
321,송파나루역DT,송파구,서울특별시 송파구 오금로 142 (송파동)1522-3232
322,송파헬리오시티,송파구,"서울특별시 송파구 송파대로 345 (가락동,"
323,잠실시그마타워,송파구,서울특별시 송파구 올림픽로 289 (신천동)1522-3232
324,문정법원로R,송파구,서울특별시 송파구 송파대로 201 (문정동)1522-3232
325,송파개롱역,송파구,서울특별시 송파구 오금로 420 (가락동)1522-3232
326,문정하비오,송파구,"서울특별시 송파구 송파대로 111 (문정동,"
327,문정역,송파구,서울특별시 송파구 송파대로 167 (문정동)테라타워
328,잠실대교남단R,송파구,서울특별시 송파구 송파대로 570 타워
329,송파위례,송파구,"서울특별시 송파구 위례광장로 230 (장지동,"
330,송파방이DT,송파구,서울특별시 송파구 오금로 241 (방이동)1522-3232
331,올림픽평화의문,송파구,서울특별시 송파구 위례성대로 38 (방이동)
332,송파아이파크,송파구,서울특별시 송파구 법원로 55 (문정동)1522-3232
333,송파사거리,송파구,서울특별시 송파구 송파대로 386 (송파동)1522-3232
334,석촌서호,송파구,서울특별시 송파구 석촌호수로 176 (삼전동)1522-3232
335,문정로데오,송파구,서울특별시 송파구 동남로 141 (가락동)1522-3232
336,올림픽훼미리,송파구,서울특별시 송파구 중대로 68 (문정동)1522-3232
337,올림픽공원남문,송파구,서울특별시 송파구 위례성대로 102 (방이동)1522-3232
338,방이역,송파구,"서울특별시 송파구 마천로 53, 1~2층"
339,석촌호수,송파구,서울특별시 송파구 석촌호수로 262 (송파동)1522-3232
340,잠실푸르지오월드,송파구,"서울특별시 송파구 올림픽로35가길 9, 잠실푸르지오월드마크"
341,잠실새내역,송파구,서울특별시 송파구 올림픽로 96 (잠실동)1522-3232
342,잠실역,송파구,"서울특별시 송파구 송파대로 562 (신천동,"
343,갤러리아팰리스,송파구,"서울특별시 송파구 올림픽로 212, 갤러리아"
344,아시아선수촌,송파구,서울특별시 송파구 백제고분로 69 (잠실동)1522-3232
345,올림픽아파트,송파구,서울특별시 송파구 양재대로 1220 (방이동)1522-3232
346,가락본동,송파구,서울특별시 송파구 송파대로30길 13 (가락동)1522-3232
347,석촌역,송파구,"서울특별시 송파구 백제고분로 358, 1층"
348,가락시장역,송파구,"서울특별시 송파구 중대로 121, 롯데캐슬"
349,가든파이브,송파구,서울특별시 송파구 충민로 10 (문정동)
350,잠실본동,송파구,"서울특별시 송파구 백제고분로 91 (잠실동),"
351,송파NC,송파구,서울특별시 송파구 충민로 66 (문정동)
352,송파거여역,송파구,서울특별시 송파구 오금로 493 (거여동)1522-3232
353,몽촌토성역,송파구,서울특별시 송파구 위례성대로 6 (방이동)1522-3232
354,송파KT,송파구,"서울특별시 송파구 잠실로 209 (신천동),"
355,문정법조타운,서울특별시,한양타워 서울특별시 송파구 법원로11길 12
356,송파마천사거리DT,송파구,서울특별시 송파구 거마로 78 (마천동)1522-3232
357,목동파리공원,양천구,서울특별시 양천구 목동동로 377 (목동)1522-3232
358,등촌역,양천구,서울특별시 양천구 공항대로 566 (목동)
359,목동행복한,양천구,서울특별시 양천구 목동동로 309 (목동)1522-3232
360,신정DT,양천구,서울특별시 양천구 신월로 341 (신정동)1522-3232
361,목동역,양천구,서울특별시 양천구 목동로 203 (신정동)
362,목동오목로,양천구,서울특별시 양천구 오목로 279 (목동)
363,목동8단지,양천구,서울특별시 양천구 목동서로 299 (신정동)1522-3232
364,오목교역,양천구,서울특별시 양천구 오목로 354 (목동)1522-3232
365,신월IC,서울특별시,DT 서울특별시 양천구 남부순환로 430
366,목동7단지,양천구,서울특별시 양천구 목동서로 213 (목동)
367,목동5단지,양천구,"서울특별시 양천구 목동동로 411, 1동"
368,목동,양천구,서울특별시 양천구 목동서로 67 (목동)
369,현대목동,양천구,"서울특별시 양천구 목동동로 257 (목동,"
370,목동SBS,양천구,"서울특별시 양천구 목동서로 161 (목동),"
371,목동트라팰리스,양천구,서울특별시 양천구 오목로 299 (목동)1522-3232
372,목동10단지,양천구,"서울특별시 양천구 목동서로 401 (신정동,"
373,신월동DT,양천구,서울특별시 양천구 남부순환로 319 (신월동)1522-3232
374,타임스퀘어R,영등포구,서울특별시 영등포구 영중로 15 지하
375,샛강역,영등포구,서울특별시 영등포구 여의대방로 376 (여의도동)1522-3232
376,영등포역,영등포구,서울특별시 영등포구 경인로 870 (영등포동1가)1522-3232
377,당산대로,영등포구,서울특별시 영등포구 양평로 22 (당산동6가)1522-3232
378,여의도IFC몰(L1)R,영등포구,서울특별시 영등포구 국제금융로 10 (여의도동)
379,여의도KBS,서울특별시,R 서울특별시 영등포구 의사당대로 26
380,여의도화재보험,영등포구,서울특별시 영등포구 국제금융로6길 38 (여의도동)1522-3232
381,국회대로,영등포구,서울특별시 영등포구 국회대로 786 (여의도동)1522-3232
382,영등포KT,영등포구,서울특별시 영등포구 영중로 119 (영등포동8가)1522-3232
383,여의도공원R,영등포구,서울특별시 영등포구 여의공원로 101 (여의도동)1522-3232
384,국회의사당역,영등포구,서울특별시 영등포구 의사당대로 8 (여의도동)1522-3232
385,여의도역R,영등포구,서울특별시 영등포구 의사당대로 83 (여의도동)
386,선유동이레빌딩,영등포구,서울특별시 영등포구 선유동2로 57 (양평제1동)
387,동여의도,영등포구,서울특별시 영등포구 국제금융로 86 (여의도동)
388,여의도ABL타워,영등포구,서울특별시 영등포구 의사당대로 147 (여의도동)
389,영등포신길,영등포구,서울특별시 영등포구 신길로 137 (신길동)
390,문래역,영등포구,서울특별시 영등포구 당산로 34 (문래동3가)1522-3232
391,당산,영등포구,서울특별시 영등포구 양평로 64 (당산동6가)1522-3232
392,여의도한양증권,영등포구,서울특별시 영등포구 국제금융로6길 7 (여의도동)
393,여의도일신,영등포구,서울특별시 영등포구 은행로 11 (여의도동)
394,신세계타임스퀘어B2,영등포구,"서울특별시 영등포구 영중로 9, 신세계타임스퀘어점"
395,하이테크시티,영등포구,서울특별시 영등포구 경인로 775 (문래동3가)
396,여의도,영등포구,서울특별시 영등포구 국제금융로2길 28 (여의도동)1522-3232
397,롯데캐슬여의도,영등포구,"서울특별시 영등포구 의사당대로 127 (여의도동,"
398,문래동,영등포구,"서울특별시 영등포구 선유로 64, 대창타운빌"
399,신세계타임스퀘어1F,영등포구,"서울특별시 영등포구 영중로 9, 신세계백화점"
400,여의도호성,영등포구,"서울특별시 영등포구 여의대방로65길 24, 호성빌딩"
401,타임스퀘어B2,영등포구,"서울특별시 영등포구 영중로 15, 지하2층"
402,영등포본동,영등포구,서울특별시 영등포구 영등포로 254 (영등포동3가)1522-3232
403,타임스퀘어2F,영등포구,서울특별시 영등포구 영중로 15 지상2층
404,여의도의사당,영등포구,서울특별시 영등포구 국회대로74길 12 (여의도동)1522-3232
405,여의도IFC(1F),영등포구,서울특별시 영등포구 국제금융로 10 (여의도동)1522-3232
406,여의도신한투자증권타워,영등포구,서울특별시 영등포구 여의대로 70 (여의도동)1522-3232
407,선유도역,서울특별시,1번출구 서울특별시 영등포구 양평로 128
408,영등포시장역,영등포구,서울특별시 영등포구 영중로 79 (영등포동7가)1522-3232
409,영등포구청역,영등포구,서울특별시 영등포구 국회대로 558 1522-3232
410,서울양평역,영등포구,"서울특별시 영등포구 선유서로24길 6 (양평동1가,"
411,영등포시장교차로,영등포구,서울특별시 영등포구 영중로 45 (영등포동6가)1522-3232
412,더현대서울(B2)R,영등포구,서울특별시 영등포구 여의대로 108 (여의도동)1522-3232
413,당산역사거리,영등포구,서울특별시 영등포구 양평로 47 (당산동5가)1522-3232
414,신풍역,영등포구,서울특별시 영등포구 신풍로 23 (신길동)1522-3232
415,불광역,은평구,서울특별시 은평구 통일로 715 (대조동)1522-3232
416,구파발사거리,은평구,서울특별시 은평구 진관3로 21 은평엘크루
417,연신내역사거리,은평구,서울특별시 은평구 통일로 842 (불광동)1522-3232
418,연신내,은평구,서울특별시 은평구 통일로 867 (갈현동)1522-3232
419,구파발역,은평구,서울특별시 은평구 진관2로 121522-3232 리저브
420,은평구청입구,은평구,서울특별시 은평구 은평로 170 (응암동)1522-3232
421,은평이마트,은평구,서울특별시 은평구 은평로 111 (응암동)1522-3232
422,구산역,은평구,서울특별시 은평구 연서로 146 (대조동)1522-3232
423,불광역8번출구,은평구,서울특별시 은평구 통일로 746 (불광동)1522-3232
424,수색,은평구,서울특별시 은평구 수색로 216 (수색동)1522-3232
425,새절역,은평구,서울특별시 은평구 증산로 371 (신사동)1522-3232
426,더북한산,은평구,서울특별시 은평구 대서문길 24-11 (진관동)1522-3232
427,녹번역,은평구,서울특별시 은평구 통일로 636 (녹번동)
428,진관DT,은평구,서울특별시 은평구 연서로 645 (진관동)1522-3232
429,연합뉴스,종로구,서울특별시 종로구 율곡로2길 25 (수송동)1522-3232
430,혜화역,종로구,서울특별시 종로구 대학로12길 4 (동숭동)1~2층1522-3232
431,경희궁로,종로구,서울특별시 종로구 새문안로3길 15 (당주동)1522-3232
432,강북삼성병원,종로구,서울특별시 종로구 새문안로 29 (평동)1522-3232
433,종로평창동,종로구,서울특별시 종로구 평창12길 3 (평창동)1522-3232
434,광화문우체국,종로구,서울특별시 종로구 종로 6 (서린동)1522-3232
435,종로R,종로구,서울특별시 종로구 종로 51 (종로2가)1522-3232
436,독립문역,종로구,서울특별시 종로구 송월길 155 경희궁자이
437,정부서울청사R,종로구,서울특별시 종로구 새문안로5가길 28 (적선동)1522-3232
438,종로구청,종로구,서울특별시 종로구 삼봉로 71 (수송동)1522-3232
439,북촌로,종로구,서울특별시 종로구 북촌로4길 23 (계동)1522-3232
440,종로수송,종로구,서울특별시 종로구 종로5길 30 (청진동)
441,새문안로,종로구,서울특별시 종로구 새문안로 92 (신문로1가)
442,안국,종로구,서울특별시 종로구 북촌로 5-1 (재동)1522-3232
443,삼청동,종로구,서울특별시 종로구 삼청로 111-1 (삼청동)1522-3232
444,광화문D타워,종로구,서울특별시 종로구 종로3길 17 (청진동)
445,적선,종로구,"서울특별시 종로구 새문안로5길 55, 노스게이트빌딩"
446,인사,종로구,서울특별시 종로구 인사동길 14 (인사동)1522-3232
447,광화문,종로구,서울특별시 종로구 세종대로 167 (세종로)1522-3232
448,성대입구,종로구,서울특별시 종로구 창경궁로 235 (명륜3가)1522-3232
449,스페이스본,종로구,서울특별시 종로구 사직로8길 4 (사직동)
450,주얼리시티,종로구,서울특별시 종로구 종로 183 (인의동)
451,종각,종로구,서울특별시 종로구 종로 64 (종로2가)1522-3232
452,동숭로아트,종로구,서울특별시 종로구 동숭길 110 (동숭동)1522-3232
453,종로관철,종로구,"서울특별시 종로구 종로12길 21, 2층"
454,경복궁역,종로구,"서울특별시 종로구 자하문로4길 6, 1층"
455,이마빌딩,종로구,서울특별시 종로구 종로1길 42 (수송동)1522-3232
456,마로니에공원,종로구,"서울특별시 종로구 대학로 116, 1-2층"
457,종로3가,종로구,"서울특별시 종로구 종로 113-1, 1-4층"
458,대학로,종로구,"서울특별시 종로구 대학로 57, 홍익대학교"
459,경복궁사거리,종로구,"서울특별시 종로구 율곡로 6, B동"
460,종로관수,종로구,서울특별시 종로구 삼일대로20길 13 (관수동)1522-3232
461,광화문교보문고,종로구,서울특별시 종로구 종로 1 (종로1가)1522-3232
462,정동,종로구,서울특별시 종로구 새문안로 42 (신문로2가)1522-3232
463,종로플레이스,종로구,서울특별시 종로구 창경궁로 120 (인의동)1522-3232
464,강북삼성병원1층,종로구,서울특별시 종로구 새문안로 29 (평동)1522-3232
465,동숭길입구,종로구,서울특별시 종로구 대학로 146 (혜화동)1522-3232
466,서울대치과병원,종로구,서울특별시 종로구 대학로 101 서울대학교
467,서대문역,종로구,서울특별시 종로구 통일로 134 (평동)1522-3232
468,숭례문북창,중구,서울특별시 중구 세종대로12길 12 (남대문로4가)1522-3232
469,을지로4가역,중구,서울특별시 중구 을지로 170 (을지로4가)1522-3232
470,동대문두타,중구,서울특별시 중구 장충단로 275 (을지로6가)1522-3232
471,대한상공회의소R,중구,서울특별시 중구 세종대로 39 (남대문로4가)
472,국립중앙의료원,중구,서울특별시 중구 을지로 251 (을지로6가)1522-3232
473,동국대,중구,서울특별시 중구 서애로 1길 111522-3232
474,신세계본점5F,중구,서울특별시 중구 소공로 63 (충무로1가)1522-3232
475,동대문공원,중구,서울특별시 중구 장충단로 229 (광희동1가)1522-3232
476,을지로국제빌딩,중구,서울특별시 중구 남대문로 109 (다동)1522-3232
477,동대입구역,중구,서울특별시 중구 장충단로 166 (장충동1가)1522-3232
478,신당역사거리,중구,서울특별시 중구 다산로 258 (흥인동)1522-3232
479,연세세브란스,중구,서울특별시 중구 통일로 10 (남대문로5가)1522-3232
480,회현역,중구,서울특별시 중구 퇴계로 72 (회현동)
481,을지로경기빌딩,중구,서울특별시 중구 남대문로10길 9 (삼각동)
482,을지로2가,중구,서울특별시 중구 삼일대로 358 (을지로2가)1522-3232
483,신세계본점6F,중구,서울특별시 중구 퇴계로 77 (충무로1가)1522-3232
484,서울중앙우체국,중구,서울특별시 중구 소공로 70 (충무로
485,한국프레스센터,중구,서울특별시 중구 세종대로 124 (태평로1가)1522-3232
486,명동중앙로,중구,서울특별시 중구 명동길 60 (명동
487,약수역,중구,서울특별시 중구 다산로 129 (신당동)1522-3232
488,중구저동,중구,서울특별시 중구 수표로 34 (저동2가)1522-3232
489,명동길,중구,서울특별시 중구 명동10길 411522-3232 리저브
490,서소문로,중구,서울특별시 중구 서소문로 120 (서소문동)
491,신당역,중구,"서울특별시 중구 퇴계로 385, 1층"
492,명동메트로,중구,서울특별시 중구 명동9가길 14 (을지로1가)
493,숭례문,중구,"서울특별시 중구 세종대로 17, 와이즈타워"
494,순화동더샵,중구,"서울특별시 중구 칠패로 27, 1층"
495,대한극장,중구,서울특별시 중구 퇴계로 212 (필동2가)
496,환구단,중구,서울특별시 중구 소공로 112 (소공동)1522-3232
497,무교동,중구,서울특별시 중구 무교로 21 (무교동)
498,문화일보,중구,서울특별시 중구 새문안로 22 (충정로1가)
499,태평로,중구,"서울특별시 중구 세종대로 72, 대영빌딩"
500,퍼시픽타워,중구,"서울특별시 중구 세종대로9길 41, 퍼시픽타워"
501,남산단암,중구,"서울특별시 중구 소월로 10, 단암빌딩"
502,황학캐슬,중구,서울특별시 중구 청계천로 400 (황학동)
503,을지로삼화타워,중구,서울특별시 중구 을지로5길 16 (을지로2가)
504,소공로,중구,"서울특별시 중구 남대문로7길 19, 삼영빌딩"
505,을지로한국빌딩,중구,"서울특별시 중구 을지로 50, 1층"
506,시청,중구,"서울특별시 중구 을지로 19, 삼성화재삼성빌딩"
507,명동역,중구,"서울특별시 중구 퇴계로 101, 건물"
508,명동입구,중구,서울특별시 중구 남대문로 68-1 (명동2가)1522-3232
509,충무로,중구,서울특별시 중구 충무로 3 (필동1가)1522-3232
510,이마트타워,중구,서울특별시 중구 세종대로7길 37 (순화동)
511,동호로,중구,서울특별시 중구 동호로 171 (신당동)1522-3232
512,무교로,중구,서울특별시 중구 무교로 15 (무교동)1522-3232
513,청계크리스탈스퀘어,중구,서울특별시 중구 청계천로 106 (수표동)1522-3232
514,숭례문SG타워,중구,서울특별시 중구 세종대로 14 (남대문로5가)1522-3232
515,세종대로,중구,서울특별시 중구 세종대로 135-5 (태평로1가)1522-3232
516,동대문디자인플라자,중구,서울특별시 중구 을지로 281 (을지로7가)
517,별다방,중구,서울특별시 중구 퇴계로 100 (회현동2가)1522-3232
518,포포인츠명동,중구,서울특별시 중구 삼일대로10길 36 (저동2가)1522-3232
519,명동남산,중구,서울특별시 중구 퇴계로 132 (남산동3가)1522-3232
520,명일역,강동구,서울특별시 강동구 양재대로 1647 (명일동)1522-3232
521,강동구청DT,강동구,서울특별시 강동구 성내로 32 (성내동)1522-3232
522,강동암사DT,강동구,서울특별시 강동구 고덕로 43 (암사동)1522-3232
523,굽은다리역,강동구,"서울특별시 강동구 양재대로 1568 (명일동,"
524,강동역,강동구,"서울특별시 강동구 천호대로 1089 (천호동,"
525,둔촌동,강동구,서울특별시 강동구 양재대로 1303 (성내동)
526,천호로데오,강동구,서울특별시 강동구 천호대로 1037 (천호동)1522-3232
527,천호이마트,강동구,서울특별시 강동구 천호대로 1015-14 (천호동)
528,길동역,강동구,서울특별시 강동구 양재대로 1487 (길동)1522-3232
529,상일동,강동구,"서울특별시 강동구 상일로10길 36, 1~2층"
530,천호역,강동구,"서울특별시 강동구 천호대로 1012, 태승빌딩"
531,명일이마트,강동구,서울특별시 강동구 동남로75길 5 (명일동)
532,상일동역,강동구,"서울특별시 강동구 고덕로 399 (고덕동,"
533,천호사거리,강동구,서울특별시 강동구 올림픽로 651 (천호동)1522-3232
534,강일역,강동구,"서울특별시 강동구 고덕로 429 (강일동),"
535,올림픽공원북2문,강동구,서울특별시 강동구 강동대로 199 (성내동)1522-3232
536,천호대로길동,강동구,서울특별시 강동구 천호대로 1131 거산
537,신도림,구로구,서울특별시 구로구 경인로 610 (신도림동)1522-3232
538,구로디지털타워,구로구,서울특별시 구로구 디지털로32길 30 (구로동)1522-3232
539,오류동역,구로구,서울특별시 구로구 경인로 216 (오류동)1522-3232
540,구로디지털로,구로구,"서울특별시 구로구 디지털로33길 11, 에이스테크노8차"
541,구로에이스,구로구,"서울특별시 구로구 디지털로 285, 에이스트윈타워1차"
542,구로하이엔드,구로구,"서울특별시 구로구 디지털로26길 5, 에이스하이엔드타워1차"
543,현대디큐브2F,구로구,서울특별시 구로구 경인로 662 (신도림동)1522-3232
544,구로호텔,구로구,"서울특별시 구로구 디지털로32길 72, 구로호텔"
545,현대디큐브B2,구로구,서울특별시 구로구 경인로 662 (신도림동)1522-3232
546,구로고척,구로구,서울특별시 구로구 경인로 387 (고척동)1522-3232
547,구로NC,구로구,서울특별시 구로구 구로중앙로 152 (구로동)
548,구로오류DT,구로구,서울특별시 구로구 서해안로 2233 (오류동)1522-3232
549,구로구청,구로구,"서울특별시 구로구 가마산로 232 (구로동,"
550,고척아이파크,구로구,"서울특별시 구로구 경인로43길 49 (고척동,"
551,답십리역,동대문구,서울특별시 동대문구 천호대로 263 (답십리동)1522-3232
552,경희대삼거리,동대문구,서울특별시 동대문구 회기로 141 (회기동)1522-3232
553,외대정문,동대문구,서울특별시 동대문구 이문로 93 (이문동)1522-3232
554,신설동역,동대문구,서울특별시 동대문구 왕산로 19 (신설동)1522-3232
555,회기역사거리,동대문구,서울특별시 동대문구 이문로 37 (회기동)1522-3232
556,외대,동대문구,서울특별시 동대문구 휘경로 12-1 (이문동)1522-3232
557,장한평역,동대문구,서울특별시 동대문구 장한로 10 (장안동)1522-3232
558,경희대,동대문구,서울특별시 동대문구 경희대로 16-1 (회기동)1522-3232
559,청량리역롯데캐슬스카이,동대문구,"서울특별시 동대문구 답십리로 27 (전농동,"
560,경동1960,동대문구,서울특별시 동대문구 고산자로36길 3 (제기동)1522-3232
561,청량리역사,동대문구,서울특별시 동대문구 왕산로 214 (전농동)
562,답십리초교사거리,동대문구,서울특별시 동대문구 전농로 38 (답십리동)1522-3232
563,장안사거리,동대문구,서울특별시 동대문구 답십리로 267 (장안동)1522-3232
564,서울숲역,성동구,서울특별시 성동구 왕십리로 50 (성수동1가)
565,금호역,성동구,서울특별시 성동구 동호로 99 (금호동4가)1522-3232
566,뚝섬역,성동구,서울특별시 성동구 아차산로 42 (성수동1가)1522-3232
567,황학사거리,성동구,"서울특별시 성동구 왕십리로 410 (하왕십리동,"
568,성수역,성동구,서울특별시 성동구 성수이로 94 (성수동2가)1522-3232
569,상왕십리역,성동구,서울특별시 성동구 왕십리로 382 (하왕십리동)1522-3232
570,왕십리역,성동구,서울특별시 성동구 왕십리로 326 (도선동)1522-3232
571,한양대,성동구,서울특별시 성동구 왕십리로 225 (행당동)
572,엔터식스,성동구,서울특별시 성동구 왕십리광장로 17 (행당동)1522-3232
573,신금호역,성동구,서울특별시 성동구 금호로 158-1 (금호동1가)
574,왕십리역9번출구,성동구,서울특별시 성동구 고산자로 234 (행당동)1522-3232
575,성수,성동구,서울특별시 성동구 아차산로 104 (성수동2가)1522-3232
576,옥수,성동구,서울특별시 성동구 독서당로 202 (옥수동)1522-3232
577,성수낙낙,성동구,서울특별시 성동구 광나루로8길 31 (성수동2가)
578,효창공원앞역,용산구,"서울특별시 용산구 백범로 313 (효창동,"
579,서울역서부,용산구,서울특별시 용산구 만리재로 202 (서계동)1522-3232
580,이태원역,용산구,서울특별시 용산구 이태원로 188 (이태원동)1522-3232
581,한강진역R,용산구,서울특별시 용산구 이태원로 252 (한남동)1522-3232
582,용산역써밋R,용산구,"서울특별시 용산구 한강대로 69 (한강로2가,"
583,이촌,용산구,서울특별시 용산구 이촌로 276 (이촌동)1522-3232
584,신용산역,용산구,"서울특별시 용산구 한강대로 95 (한강로2가,"
585,용산파크타워,용산구,"서울특별시 용산구 서빙고로 67 (용산동5가,"
586,남영동,용산구,서울특별시 용산구 한강대로 275 (갈월동)1522-3232
587,한남동R,용산구,서울특별시 용산구 독서당로 94 (한남동)1522-3232
588,서울타워,용산구,서울특별시 용산구 남산공원길 105 (용산동2가)
589,서울역동자동,용산구,서울특별시 용산구 한강대로 372 (동자동)1522-3232
590,순천향입구,용산구,서울특별시 용산구 대사관로 67 (한남동)1522-3232
591,숙대,용산구,서울특별시 용산구 청파로47길 57 (청파동3가)1522-3232
592,동빙고,용산구,서울특별시 용산구 장문로 12 (동빙고동)1522-3232
593,숙대입구역,용산구,서울특별시 용산구 한강대로 291 (갈월동)1522-3232
594,용산아이파크몰,용산구,서울특별시 용산구 한강대로23길 551522-3232 리저브
595,동부이촌동,용산구,서울특별시 용산구 이촌로 198 (이촌동)1522-3232
596,숙명여대정문,용산구,서울특별시 용산구 청파로47길 100 (청파동2가)
597,용산해링턴스퀘어,용산구,서울특별시 용산구 서빙고로 17 (한강로3가)1522-3232
598,경리단길,용산구,서울특별시 용산구 회나무로 3 (이태원동)1522-3232
599,서울역사,용산구,서울특별시 용산구 한강대로 405 (동자동)
600,용산리첸시아,용산구,"서울특별시 용산구 백범로 341 (원효로1가,"
601,용산전자랜드,용산구,서울특별시 용산구 청파로 74 (한강로3가)1522-3232
602,상봉,중랑구,"서울특별시 중랑구 상봉로 131 (상봉동,"
603,중랑역,중랑구,서울특별시 중랑구 망우로30길 3 (상봉동)1522-3232
604,중랑구청,중랑구,서울특별시 중랑구 신내로 721522-3232 리저브
605,사가정역,중랑구,서울특별시 중랑구 면목로 3101522-3232 리저브
606,상봉역,중랑구,서울특별시 중랑구 망우로 307 (상봉동)1522-3232
607,묵동,중랑구,"서울특별시 중랑구 동일로 952 (묵동,"
608,양원역,중랑구,서울특별시 중랑구 양원역로10길 3 (망우동)1522-3232
609,중화역,중랑구,서울특별시 중랑구 봉화산로 35 1층1522-3232
